id,first_name,last_name,email,age
1,JOHN,Doe,john.doe@example.com,30
2,JANE,Smith,jane.smith@example.com,25
3,BOB,Johnson,bob.johnson@example.com,40
4,ALICE,Williams,alice.williams@example.com,28
5,MICHAEL,Brown,michael.brown@example.com,35
6,LINDA,Jones,linda.jones@example.com,32
7,DAVID,Miller,david.miller@example.com,45
8,SUSAN,Davis,susan.davis@example.com,27
9,JAMES,Garcia,james.garcia@example.com,38
10,KAREN,Martinez,karen.martinez@example.com,29
11,JOHN,Doe,john.doe@example.com,30
12,JANE,Smith,jane.smith@example.com,25
13,BOB,Johnson,bob.johnson@example.com,40
14,ALICE,Williams,alice.williams@example.com,28
15,MICHAEL,Brown,michael.brown@example.com,35
16,LINDA,Jones,linda.jones@example.com,32
17,DAVID,Miller,david.miller@example.com,45
18,SUSAN,Davis,susan.davis@example.com,27
19,JAMES,Garcia,james.garcia@example.com,38
20,KAREN,Martinez,karen.martinez@example.com,29
21,JOHN,Doe,john.doe@example.com,30
22,JANE,Smith,jane.smith@example.com,25
23,BOB,Johnson,bob.johnson@example.com,40
24,ALICE,Williams,alice.williams@example.com,28
25,MICHAEL,Brown,michael.brown@example.com,35
26,LINDA,Jones,linda.jones@example.com,32
27,DAVID,Miller,david.miller@example.com,45
28,SUSAN,Davis,susan.davis@example.com,27
29,JAMES,Garcia,james.garcia@example.com,38
30,KAREN,Martinez,karen.martinez@example.com,29
31,JOHN,Doe,john.doe@example.com,30
32,JANE,Smith,jane.smith@example.com,25
33,BOB,Johnson,bob.johnson@example.com,40
34,ALICE,Williams,alice.williams@example.com,28
35,MICHAEL,Brown,michael.brown@example.com,35
36,LINDA,Jones,linda.jones@example.com,32
37,DAVID,Miller,david.miller@example.com,45
38,SUSAN,Davis,susan.davis@example.com,27
39,JAMES,Garcia,james.garcia@example.com,38
40,KAREN,Martinez,karen.martinez@example.com,29
41,JOHN,Doe,john.doe@example.com,30
42,JANE,Smith,jane.smith@example.com,25
43,BOB,Johnson,bob.johnson@example.com,40
44,ALICE,Williams,alice.williams@example.com,28
45,MICHAEL,Brown,michael.brown@example.com,35
46,LINDA,Jones,linda.jones@example.com,32
47,DAVID,Miller,david.miller@example.com,45
48,SUSAN,Davis,susan.davis@example.com,27
49,JAMES,Garcia,james.garcia@example.com,38
50,KAREN,Martinez,karen.martinez@example.com,29
51,JOHN,Doe,john.doe@example.com,30
52,JANE,Smith,jane.smith@example.com,25
53,BOB,Johnson,bob.johnson@example.com,40
54,ALICE,Williams,alice.williams@example.com,28
55,MICHAEL,Brown,michael.brown@example.com,35
56,LINDA,Jones,linda.jones@example.com,32
57,DAVID,Miller,david.miller@example.com,45
58,SUSAN,Davis,susan.davis@example.com,27
59,JAMES,Garcia,james.garcia@example.com,38
60,KAREN,Martinez,karen.martinez@example.com,29
61,JOHN,Doe,john.doe@example.com,30
62,JANE,Smith,jane.smith@example.com,25
63,BOB,Johnson,bob.johnson@example.com,40
64,ALICE,Williams,alice.williams@example.com,28
65,MICHAEL,Brown,michael.brown@example.com,35
66,LINDA,Jones,linda.jones@example.com,32
67,DAVID,Miller,david.miller@example.com,45
68,SUSAN,Davis,susan.davis@example.com,27
69,JAMES,Garcia,james.garcia@example.com,38
70,KAREN,Martinez,karen.martinez@example.com,29
71,JOHN,Doe,john.doe@example.com,30
72,JANE,Smith,jane.smith@example.com,25
73,BOB,Johnson,bob.johnson@example.com,40
74,ALICE,Williams,alice.williams@example.com,28
75,MICHAEL,Brown,michael.brown@example.com,35
76,LINDA,Jones,linda.jones@example.com,32
77,DAVID,Miller,david.miller@example.com,45
78,SUSAN,Davis,susan.davis@example.com,27
79,JAMES,Garcia,james.garcia@example.com,38
80,KAREN,Martinez,karen.martinez@example.com,29
81,JOHN,Doe,john.doe@example.com,30
82,JANE,Smith,jane.smith@example.com,25
83,BOB,Johnson,bob.johnson@example.com,40
84,ALICE,Williams,alice.williams@example.com,28
85,MICHAEL,Brown,michael.brown@example.com,35
86,LINDA,Jones,linda.jones@example.com,32
87,DAVID,Miller,david.miller@example.com,45
88,SUSAN,Davis,susan.davis@example.com,27
89,JAMES,Garcia,james.garcia@example.com,38
90,KAREN,Martinez,karen.martinez@example.com,29
91,JOHN,Doe,john.doe@example.com,30
92,JANE,Smith,jane.smith@example.com,25
93,BOB,Johnson,bob.johnson@example.com,40
94,ALICE,Williams,alice.williams@example.com,28
95,MICHAEL,Brown,michael.brown@example.com,35
96,LINDA,Jones,linda.jones@example.com,32
97,DAVID,Miller,david.miller@example.com,45
98,SUSAN,Davis,susan.davis@example.com,27
99,JAMES,Garcia,james.garcia@example.com,38
100,KAREN,Martinez,karen.martinez@example.com,29
101,JOHN,Doe,john.doe@example.com,30
102,JANE,Smith,jane.smith@example.com,25
103,BOB,Johnson,bob.johnson@example.com,40
104,ALICE,Williams,alice.williams@example.com,28
105,MICHAEL,Brown,michael.brown@example.com,35
106,LINDA,Jones,linda.jones@example.com,32
107,DAVID,Miller,david.miller@example.com,45
108,SUSAN,Davis,susan.davis@example.com,27
109,JAMES,Garcia,james.garcia@example.com,38
110,KAREN,Martinez,karen.martinez@example.com,29
111,JOHN,Doe,john.doe@example.com,30
112,JANE,Smith,jane.smith@example.com,25
113,BOB,Johnson,bob.johnson@example.com,40
114,ALICE,Williams,alice.williams@example.com,28
115,MICHAEL,Brown,michael.brown@example.com,35
116,LINDA,Jones,linda.jones@example.com,32
117,DAVID,Miller,david.miller@example.com,45
118,SUSAN,Davis,susan.davis@example.com,27
119,JAMES,Garcia,james.garcia@example.com,38
120,KAREN,Martinez,karen.martinez@example.com,29
